name,birth_year,birth_date,birthplace,race_ethnicity,religion,sexual_orientation,year_edition,category,movie,age_at_win
Marie Dressler,1868.0,1868-11-02,"Cobourg, Ontario, Canada",White,Unknown,Straight,1931.0,Best Actress,Min and Bill,63.0
George Arliss,1868.0,1868-04-10,"London, England",White,Unknown,Straight,1930.0,Best Actor,Desraeli,62.0
Edmund Gwenn,1875.0,1875-09-26,"Vale of Glamorgan, Wales",White,Unknown,Unknown,1948.0,Best Supporting Actor,Miracle on 34th Street,73.0
Charles Coburn,1877.0,1877-06-17,"Savannah, Ga",White,Unknown,Straight,1944.0,Best Supporting Actor,The More the Merrier,67.0
Lionel Barrymore,1878.0,1878-04-28,"Philadelphia, Pa",White,Roman Catholic,Straight,1931.0,Best Actor,A Free Soul,53.0
Jane Darwell,1879.0,1879-10-15,"Palmyra, Mo",White,Unknown,Straight,1941.0,Best Supporting Actress,The Grapes of Wrath,62.0
Ethel Barrymore,1879.0,1879-08-15,"Philadelphia, Pa",White,Roman Catholic,Straight,1945.0,Best Supporting Actress,None but the Lonely Heart,66.0
Donald Crisp,1880.0,1880-07-27,"London, England",White,Unknown,Straight,1942.0,Best Supporting Actor,How Green Was My Valley,62.0
Victor McLaglen,1883.0,1883-12-11,"Tunbridge Wells, Kent, England",White,Anglican/episcopalian,Straight,1936.0,Best Actor,The Informer,53.0
Victor Fleming,1883.0,1883-02-23,"Pasadena, Ca",White,Unknown,Straight,1940.0,Best Director,Gone with the Wind,57.0
Walter Huston,1884.0,1884-04-06,"Toronto, Ontario, Canada",White,Unknown,Straight,1949.0,Best Supporting Actor,The Treasure of the Sierra Madre,65.0
Emil Jannings,1884.0,1884-07-23,"Rorschach, Switzerland",White,Unknown,Bisexual,1929.0,Best Actor,The Last Command,45.0
Wallace Beery,1885.0,1885-04-01,"Kansas City, Mo",White,Unknown,Straight,1932.0,Best Actor,The Champ,47.0
Josephine Hull,1886.0,1886-01-03,"Newtonville, Ma",White,Unknown,Straight,1951.0,Best Supporting Actress,Harvey,65.0
Michael Curtiz,1886.0,1886-12-24,"Budapest, Hungary",White,Unknown,Straight,1944.0,Best Director,Casablanca,58.0
Frank Lloyd,1886.0,1886-02-02,"Glasgow, Scotland",White,Unknown,Straight,1930.0,Best Director,The Divine Lady,44.0
Frank Lloyd,1886.0,1886-02-02,"Glasgow, Scotland",White,Unknown,Straight,1934.0,Best Director,Cavalcade,48.0
Paul Lukas,1887.0,1887-05-26,"Budapest, Hungary",White,Unknown,Straight,1944.0,Best Actor,Watch on the Rhine,57.0
Barry Fitzgerald,1888.0,1888-03-10,"Dublin, Ireland",White,Protestant,Unknown,1945.0,Best Supporting Actor,Going My Way,57.0
Warner Baxter,1889.0,1889-03-29,"Columbus, Oh",White,Unknown,Straight,1930.0,Best Actor,In Old Arizona,41.0
Fay Bainter,1891.0,1891-12-07,"Los Angeles, Ca",White,Unknown,Straight,1939.0,Best Supporting Actress,Jezebel,48.0
Ronald Colman,1891.0,1891-02-09,"Richmond, Surrey, England",White,Unknown,Straight,1948.0,Best Actor,A Double Life,57.0
Margaret Rutherford,1892.0,1892-05-11,"London, England",White,Unknown,Straight,1964.0,Best Supporting Actress,the V.I.P.s,72.0
Mary Pickford,1892.0,1892-04-08,"Toronto, Ontario, Canada",White,Unknown,Straight,1930.0,Best Actress,Coquette,38.0
Thomas Mitchell,1892.0,1892-07-11,"Elizabeth, Nj",White,Unknown,Straight,1940.0,Best Supporting Actor,Stagecoach,48.0
Alice Brady,1892.0,1892-11-02,New York City,White,Unknown,Straight,1938.0,Best Supporting Actress,In Old Chicago,46.0
Hattie McDaniel,1893.0,1893-06-10,"Wichita, Ks",Black,Christian,Matter of Dispute,1940.0,Best Supporting Actress,Gone with the Wind,47.0
Frank Borzage,1894.0,1894-04-23,"Salt Lake City, Ut",White,Roman Catholic,Straight,1933.0,Best Director,Bad Girl,39.0
John Ford,1894.0,1894-02-01,"Cape Elizabeth, Me",White,Roman Catholic,Bisexual,1941.0,Best Director,The Grapes of Wrath,47.0
John Ford,1894.0,1894-02-01,"Cape Elizabeth, Me",White,Roman Catholic,Bisexual,1936.0,Best Director,The Informer,42.0
John Ford,1894.0,1894-02-01,"Cape Elizabeth, Me",White,Roman Catholic,Bisexual,1953.0,Best Director,The Quiet Man,59.0
John Ford,1894.0,1894-02-01,"Cape Elizabeth, Me",White,Roman Catholic,Bisexual,1942.0,Best Director,How Green Was My Valley,48.0
Walter Brennan,1894.0,1894-07-25,"Swampscott, Ma",White,Unknown,Straight,1938.0,Best Supporting Actor,Come and Get It,44.0
Walter Brennan,1894.0,1894-07-25,"Swampscott, Ma",White,Unknown,Straight,1939.0,Best Supporting Actor,Kentucky,45.0
Walter Brennan,1894.0,1894-07-25,"Swampscott, Ma",White,Unknown,Straight,1941.0,Best Supporting Actor,The Westerner,47.0
Paul Muni,1895.0,1895-09-22,"Lviv, Ukraine",White,Jewish,Straight,1937.0,Best Actor,The Story of Louis Pasteur,42.0
Lewis Milestone,1895.0,1895-09-30,"Chisinau, Moldova",White,Unknown,Straight,1927.0,Best Director,Two Arabian Knights,32.0
Lewis Milestone,1895.0,1895-09-30,"Chisinau, Moldova",White,Unknown,Straight,1931.0,Best Director,All Quiet on the Western Front,36.0
Ruth Gordon,1896.0,1896-10-30,"Quincy, Ma",White,Unknown,Straight,1969.0,Best Supporting Actress,Rosemary's Baby,73.0
Joseph Schildkraut,1896.0,1896-03-22,"Vienna, Austria",White,Unknown,Straight,1938.0,Best Supporting Actor,The Life of Emile Zola,42.0
George Burns,1896.0,1896-01-20,New York City,White,Jewish,Straight,1976.0,Best Supporting Actor,The Sunshine Boys,80.0
Fredric March,1897.0,1897-08-31,"Racine, Wi",White,Unknown,Straight,1947.0,Best Actor,The Best Years of Our Lives,50.0
Frank Capra,1897.0,1897-05-18,"Bisacquino, Sicily, Italy",White,Roman Catholic,Straight,1937.0,Best Director,Mr. Deeds Goes to Town,40.0
Frank Capra,1897.0,1897-05-18,"Bisacquino, Sicily, Italy",White,Roman Catholic,Straight,1935.0,Best Director,It Happened One Night,38.0
Frank Capra,1897.0,1897-05-18,"Bisacquino, Sicily, Italy",White,Roman Catholic,Straight,1939.0,Best Director,You Can't Take It with You,42.0
Shirley Booth,1898.0,1898-08-30,New York City,White,Unknown,Straight,1953.0,Best Actress,"Come Back, Little Sheba",55.0
Leo McCarey,1898.0,1898-10-03,"Los Angeles, Ca",White,Unknown,Straight,1938.0,Best Director,The Awful Truth,40.0
Leo McCarey,1898.0,1898-10-03,"Los Angeles, Ca",White,Unknown,Straight,1945.0,Best Director,Going My Way,47.0
George Cukor,1899.0,1899-07-07,New York City,White,Unknown,Gay,1965.0,Best Director,My Fair Lady,66.0
Gale Sondergaard,1899.0,1899-02-15,"Litchfield, Mn",White,Unknown,Straight,1937.0,Best Supporting Actress,Anthony Adverse,38.0
Humphrey Bogart,1899.0,1899-12-25,New York City,White,Unknown,Straight,1952.0,Best Actor,The Africa Queen,53.0
Norman Taurog,1899.0,1899-02-23,"Chicago, Il",White,Unknown,Straight,1932.0,Best Director,Skippy,33.0
Charles Laughton,1899.0,1899-07-01,"Victoria Hotel, Scarborough, Yorkshire, England",White,Roman Catholic,Gay,1934.0,Best Actor,The Private Life of Henry VIII,35.0
James Cagney,1899.0,1899-07-17,"Manhattan, Ny",White,Roman Catholic,Straight,1943.0,Best Actor,Yankee Doodle Dandy,44.0
Katina Paxinou,1900.0,1900-12-17,"Athens, Greece",White,Unknown,Straight,1944.0,Best Supporting Actress,For Whom the Bell Tolls,44.0
Helen Hayes,1900.0,1900-10-10,"Washington, Dc",White,Unknown,Straight,1932.0,Best Actress,The Sin of Madelon Claudet,32.0
Helen Hayes,1900.0,1900-10-10,"Washington, Dc",White,Unknown,Straight,1971.0,Best Supporting Actress,Airport,71.0
Spencer Tracy,1900.0,1900-04-05,"Milwaukee, Wi",White,Roman Catholic,Straight,1938.0,Best Actor,Captains Courageous,38.0
Spencer Tracy,1900.0,1900-04-05,"Milwaukee, Wi",White,Roman Catholic,Straight,1939.0,Best Actor,Boys Town,39.0
Clark Gable,1901.0,1901-02-01,"Cadiz, Oh",White,Unknown,Straight,1935.0,Best Actor,It Happened One Night,34.0
James Dunn,1901.0,1901-11-02,New York City,White,Unknown,Straight,1946.0,Best Supporting Actor,A Tree Grows in Brooklyn,45.0
"Ed Begley, Sr.",1901.0,1901-03-25,"Hartford, Ct",White,Unknown,Straight,1963.0,Best Supporting Actor,Sweet Bird of Youth,62.0
Gary Cooper,1901.0,1901-05-07,"Helena, Mt",White,Roman Catholic,Straight,1953.0,Best Actor,High Noon,52.0
Gary Cooper,1901.0,1901-05-07,"Helena, Mt",White,Roman Catholic,Straight,1942.0,Best Actor,Sergeant York,41.0
Melvyn Douglas,1901.0,1901-04-05,"Macon, Ga",White,Jewish,Straight,1964.0,Best Supporting Actor,Hud,63.0
Melvyn Douglas,1901.0,1901-04-05,"Macon, Ga",White,Jewish,Straight,1980.0,Best Supporting Actor,Being There,79.0
John Houseman,1902.0,1902-09-22,"Bucharest, Romania",White,Unknown,Straight,1974.0,Best Supporting Actor,The Paper Chase,72.0
Norma Shearer,1902.0,1902-08-10,"Montreal, Quebec, Canada",White,Unknown,Straight,1930.0,Best Actress,The Divorcee,28.0
William Wyler,1902.0,1902-07-01,"Mulhouse, Haut-Rhin, Alsace, France",White,Unknown,Straight,1947.0,Best Director,The Best Years of Our Lives,45.0
William Wyler,1902.0,1902-07-01,"Mulhouse, Haut-Rhin, Alsace, France",White,Unknown,Straight,1960.0,Best Director,Ben-Hur,58.0
William Wyler,1902.0,1902-07-01,"Mulhouse, Haut-Rhin, Alsace, France",White,Unknown,Straight,1943.0,Best Director,Mrs. Miniver,41.0
Dean Jagger,1903.0,1903-11-07,"Lima, Oh",White,Unknown,Straight,1950.0,Best Supporting Actor,Twelve O'Clock High,47.0
Claudette Colbert,1903.0,1903-09-13,"Paris, France",White,Unknown,Straight,1935.0,Best Actress,It Happened One Night,32.0
Bing Crosby,1903.0,1903-05-03,"Tacoma, Wa",White,Roman Catholic,Straight,1945.0,Best Actor,Going My Way,42.0
Anne Revere,1903.0,1903-06-25,New York City,White,Unknown,Straight,1946.0,Best Supporting Actress,National Velvet,43.0
Vincente Minnelli,1903.0,1903-02-28,"Chicago, Il",White,Unknown,Bisexual,1959.0,Best Director,Gigi,56.0
Greer Garson,1904.0,1904-09-29,"London, England",White,Unknown,Straight,1942.0,Best Actress,Mrs. Miniver,38.0
John Gielgud,1904.0,1904-04-14,"London, England",White,Unknown,Gay,1982.0,Best Supporting Actor,Arthur,78.0
Don Ameche,1904.0,1904-05-31,"Kenosha, Wi",White,Roman Catholic,Straight,1986.0,Best Supporting Actor,Cocoon,82.0
George Stevens,1904.0,1904-12-18,"Oakland, Ca",White,Unknown,Straight,1952.0,Best Director,A Place in the Sun,48.0
George Stevens,1904.0,1904-12-18,"Oakland, Ca",White,Unknown,Straight,1957.0,Best Director,Giant,53.0
Henry Fonda,1905.0,1905-05-16,"Grand Island, Ne",White,Unknown,Straight,1982.0,Best Actor,On Golden Pond,77.0
Robert Donat,1905.0,1905-03-18,"Withington, Manchester, England",White,Unknown,Straight,1940.0,Best Actor,Goodbye Mr. Chips,35.0
Joan Crawford,1905.0,1905-03-23,"San Antonio, Tx",White,Christian Science,Bisexual,1946.0,Best Actress,Mildred Pierce,41.0
Janet Gaynor,1906.0,1906-10-06,"Philadelphia, Pa",White,Unknown,Straight,1929.0,Best Actress,7th Heaven,23.0
John Huston,1906.0,1906-08-05,"Nevada, Mo",White,Unknown,Straight,1949.0,Best Director,The Treasure of the Sierra Madre,43.0
George Sanders,1906.0,1906-07-03,"St. Petersburg, Russia",White,Unknown,Straight,1951.0,Best Supporting Actor,All About Eve,45.0
Carol Reed,1906.0,1906-12-30,"London, England",White,Unknown,Straight,1969.0,Best Director,Oliver!,63.0
Mary Astor,1906.0,1906-05-03,"Quincy, Il",White,Roman Catholic,Straight,1942.0,Best Supporting Actress,The Great Lie,36.0
Billy Wilder,1906.0,1906-06-22,"Sucha, Galicia, Austria",White,Jewish,Straight,1946.0,Best Director,The Lost Weekend,40.0
Billy Wilder,1906.0,1906-06-22,"Sucha, Galicia, Austria",White,Jewish,Straight,1961.0,Best Director,The Apartment,55.0
Ray Milland,1907.0,1907-01-03,"Neath, Wales",White,Unknown,Straight,1946.0,Best Actor,The Lost Weekend,39.0
Jack Albertson,1907.0,1907-06-16,"Malden, Ma",White,Unknown,Unknown,1969.0,Best Supporting Actor,The Subject Was Roses,62.0
Peggy Ashcroft,1907.0,1907-12-22,"Croydon, Surrey, England",White,Agnostic,Straight,1985.0,Best Supporting Actress,A Passage to India,78.0
John Wayne,1907.0,1907-05-26,"Winterset, Ia",White,Roman Catholic,Straight,1970.0,Best Actor,True Grit,63.0
Laurence Olivier,1907.0,1907-05-22,"Dorking, Surrey, England",White,Unknown,Bisexual,1949.0,Best Actor,Hamlet,42.0
Fred Zinnemann,1907.0,1907-04-29,"Vienna, Austria",White,Jewish,Straight,1967.0,Best Director,A Man for All Seasons,60.0
Fred Zinnemann,1907.0,1907-04-29,"Vienna, Austria",White,Jewish,Straight,1954.0,Best Director,From Here to Eternity,47.0
Katharine Hepburn,1907.0,1907-05-12,"Hartford, Ct",White,Atheist,Bisexual,1969.0,Best Actress,The Lion in Winter,62.0
Katharine Hepburn,1907.0,1907-05-12,"Hartford, Ct",White,Atheist,Bisexual,1982.0,Best Actress,On Golden Pond,75.0
Katharine Hepburn,1907.0,1907-05-12,"Hartford, Ct",White,Atheist,Bisexual,1968.0,Best Actress,Guess Who's Coming to Dinner,61.0
Katharine Hepburn,1907.0,1907-05-12,"Hartford, Ct",White,Atheist,Bisexual,1934.0,Best Actress,Morning Glory,27.0
Rex Harrison,1908.0,1908-03-05,"Huyton, Lancashire, England",White,Unknown,Straight,1965.0,Best Actor,My Fair Lady,57.0
Anna Magnani,1908.0,1908-03-07,"Rome, Italy",White,Unknown,Straight,1956.0,Best Actress,The Rose Tattoo,48.0
Jimmy Stewart,1908.0,1908-05-20,"Indiana, Pa",White,Presbyterian,Straight,1941.0,Best Actor,The Philadelphia Story,33.0
John Mills,1908.0,1908-02-22,"Felixstowe, Suffolk, England",White,Unknown,Straight,1971.0,Best Supporting Actor,Ryan's Daughter,63.0
David Lean,1908.0,1908-03-25,"Croydon, Surrey, England",White,Unknown,Straight,1963.0,Best Director,Lawrence of Arabia,55.0
David Lean,1908.0,1908-03-25,"Croydon, Surrey, England",White,Unknown,Straight,1958.0,Best Director,The Bridge on the River Kwai,50.0
Bette Davis,1908.0,1908-04-05,"Lowell, Ma",White,Unknown,Straight,1939.0,Best Actress,Jezebel,31.0
Bette Davis,1908.0,1908-04-05,"Lowell, Ma",White,Unknown,Straight,1936.0,Best Actress,Dangerous,28.0
David Niven,1909.0,1909-03-01,"London, England",White,Unknown,Straight,1959.0,Best Actor,Separate Tables,50.0
Jessica Tandy,1909.0,1909-06-07,"London, England",White,Unknown,Straight,1990.0,Best Actress,Driving Miss Daisy,81.0
Burl Ives,1909.0,1909-06-14,"Hunt City, Il",White,Unknown,Straight,1959.0,Best Supporting Actor,The Big Country,50.0
Jose Ferrer,1909.0,1909-01-08,"Santurce, Puerto Rico",Hispanic,Unknown,Straight,1951.0,Best Actor,Cyrano de Bergerac,42.0
Elia Kazan,1909.0,1909-09-07,"Istanbul, Turkey",White,Unknown,Straight,1955.0,Best Director,On the Waterfront,46.0
Elia Kazan,1909.0,1909-09-07,"Istanbul, Turkey",White,Unknown,Straight,1948.0,Best Director,Gentleman's Agreement,39.0
Joseph L. Mankiewicz,1909.0,1909-02-11,"Wilkes-Barre, Pa",White,Jewish,Straight,1950.0,Best Director,A Letter to Three Wives,41.0
Joseph L. Mankiewicz,1909.0,1909-02-11,"Wilkes-Barre, Pa",White,Jewish,Straight,1951.0,Best Director,All About Eve,42.0
Van Heflin,1910.0,1910-12-13,"Walters, Ok",White,Unknown,Straight,1943.0,Best Supporting Actor,Johnny Eager,33.0
Claire Trevor,1910.0,1910-03-08,New York City,White,Unknown,Straight,1949.0,Best Supporting Actress,Key Largo,39.0
Luise Rainer,1910.0,1910-01-12,"Dusseldorf, Germany",White,Jewish,Straight,1937.0,Best Actress,The Great Ziegfeld,27.0
Luise Rainer,1910.0,1910-01-12,"Dusseldorf, Germany",White,Jewish,Straight,1938.0,Best Actress,The Good Earth,28.0
Broderick Crawford,1911.0,1911-12-09,"Philadelphia, Pa",White,Unknown,Straight,1950.0,Best Actor,All The King's Men,39.0
Ginger Rogers,1911.0,1911-07-16,"Independence, Mo",White,Christian Science,Straight,1941.0,Best Actress,Kitty Foyle,30.0
Hugh Griffith,1912.0,1912-05-30,"Marian Glas, Anglesey, Wales",White,Unknown,Unknown,1960.0,Best Supporting Actor,Ben-Hur,48.0
Karl Malden,1912.0,1912-03-22,"Chicago, Il",White,Unknown,Straight,1952.0,Best Supporting Actor,A Streetcar Named Desire,40.0
Wendy Hiller,1912.0,1912-08-15,"Bramhall, Cheshire, England",White,Unknown,Straight,1959.0,Best Supporting Actress,Separate Tables,47.0
Gig Young,1913.0,1913-11-04,"St. Cloud, Mn",White,Unknown,Straight,1970.0,Best Supporting Actor,"They Shoot Horses, Don't They?",57.0
Burt Lancaster,1913.0,1913-11-02,New York City,White,Protestant,Straight,1961.0,Best Actor,Elmer Gantry,48.0
Loretta Young,1913.0,1913-01-06,"Salt Lake City, Ut",White,Roman Catholic,Straight,1948.0,Best Actress,The Farmer's Daughter,35.0
Vivien Leigh,1913.0,1913-11-05,"Darjeeling, India",White,Roman Catholic,Straight,1952.0,Best Actress,A Streetcar Named Desire,39.0
Vivien Leigh,1913.0,1913-11-05,"Darjeeling, India",White,Roman Catholic,Straight,1940.0,Best Actress,Gone with the Wind,27.0
Harold Russell,1914.0,1914-01-14,"North Sydney, Nova Scotia, Canada",White,Unknown,Straight,1947.0,Best Supporting Actor,The Best Years of Our Lives,33.0
Beatrice Straight,1914.0,1914-08-02,"Old Westbury, Ny",White,Unknown,Straight,1977.0,Best Supporting Actress,Network,63.0
Alec Guinness,1914.0,1914-04-02,"London, England",White,Roman Catholic,Bisexual,1958.0,Best Actor,The Bridge on the River Kwai,44.0
Jo Van Fleet,1914.0,1914-12-30,"Oakland, Ca",White,Unknown,Straight,1956.0,Best Supporting Actress,East of Eden,42.0
Robert Wise,1914.0,1914-09-10,"Winchester, In",White,Unknown,Straight,1966.0,Best Director,The Sound of Music,52.0
Robert Wise,1914.0,1914-09-10,"Winchester, In",White,Unknown,Straight,1961.0,Best Director,West Side Story,47.0
Frank Sinatra,1915.0,1915-12-12,"Hoboken, Nj",White,Unknown,Straight,1954.0,Best Supporting Actor,From Here to Eternity,39.0
Edmond O'Brien,1915.0,1915-09-10,New York City,White,Roman Catholic,Straight,1955.0,Best Supporting Actor,The Barefoot Contessa,40.0
Anthony Quinn,1915.0,1915-04-21,"Chihuahua, Mexico",Hispanic,Unknown,Straight,1957.0,Best Supporting Actor,Lust for Life,42.0
Anthony Quinn,1915.0,1915-04-21,"Chihuahua, Mexico",Hispanic,Unknown,Straight,1953.0,Best Supporting Actor,Viva Zapata!,38.0
Ingrid Bergman,1915.0,1915-08-29,"Stockholm, Sweden",White,Unknown,Straight,1975.0,Best Supporting Actress,Murder on the Orient Express,60.0
Ingrid Bergman,1915.0,1915-08-29,"Stockholm, Sweden",White,Unknown,Straight,1957.0,Best Actress,Anastasia,42.0
Ingrid Bergman,1915.0,1915-08-29,"Stockholm, Sweden",White,Unknown,Straight,1945.0,Best Actress,Gaslight,30.0
Gregory Peck,1916.0,1916-04-05,"La Jolla, Ca",White,Roman Catholic,Straight,1963.0,Best Actor,To Kill a Mockingbird,47.0
Mercedes McCambridge,1916.0,1916-03-17,"Joliet, Il",White,Roman Catholic,Straight,1950.0,Best Supporting Actress,All the King's Men,34.0
Peter Finch,1916.0,1916-09-28,"South Kensington, London, England",White,Unknown,Straight,1977.0,Best Actor,Network,61.0
Olivia de Havilland,1916.0,1916-07-01,"Tokyo, Japan",White,Unknown,Straight,1947.0,Best Actress,To Each His Own,31.0
Olivia de Havilland,1916.0,1916-07-01,"Tokyo, Japan",White,Unknown,Straight,1950.0,Best Actress,The Heiress,34.0
Jane Wyman,1917.0,1917-01-05,"St. Joseph, Mo",White,Roman Catholic,Straight,1949.0,Best Actress,Johnny Belinda,32.0
Celeste Holm,1917.0,1917-04-29,New York City,White,Unknown,Straight,1948.0,Best Supporting Actress,Gentleman's Agreement,31.0
Ernest Borgnine,1917.0,1917-01-24,"Hamden, Ct",White,Unknown,Straight,1956.0,Best Actor,Marty,39.0
Joan Fontaine,1917.0,1917-10-22,"Tokyo, Japan",White,Unknown,Straight,1940.0,Best Actress,Suspicion,23.0
Art Carney,1918.0,1918-11-04,"Mount Vernon, Ny",White,Unknown,Straight,1975.0,Best Actor,Harry and Tonto,57.0
Jerome Robbins,1918.0,1918-10-11,New York City,White,Jewish,Gay,1962.0,Best Director,West Side Story,44.0
Ben Johnson,1918.0,1918-06-13,"Shidler, Ok",White,Unknown,Straight,1972.0,Best Supporting Actor,The Last Picture Show,54.0
Teresa Wright,1918.0,1918-10-27,New York City,White,Unknown,Straight,1943.0,Best Supporting Actress,Mrs. Miniver,25.0
Susan Hayward,1918.0,1918-06-30,"Brooklyn, Ny",White,Roman Catholic,Straight,1959.0,Best Actress,I Want To Live!,41.0
Lila Kedrova,1918.0,1918-10-09,"St. Petersburg, Russia",White,Unknown,Straight,1965.0,Best Supporting Actress,Zorba the Greek,47.0
William Holden,1918.0,1918-04-17,"O'fallon, Il",White,Unknown,Straight,1954.0,Best Actor,Stalag 17,36.0
Red Buttons,1919.0,1919-02-05,New York City,White,Jewish,Straight,1958.0,Best Supporting Actor,Sayonara,39.0
Jack Palance,1919.0,1919-02-18,"Lattimer Mines, Pa",White,Unknown,Straight,1992.0,Best Supporting Actor,City Slickers,73.0
Eileen Heckart,1919.0,1919-03-29,"Columbus, Oh",White,Unknown,Straight,1973.0,Best Supporting Actress,Butterflies Are Free,54.0
Martin Balsam,1919.0,1919-11-04,"Bronx, Ny",White,Unknown,Straight,1966.0,Best Supporting Actor,A Thousand Clowns,47.0
Jennifer Jones,1919.0,1919-03-02,"Tulsa, Ok",White,Roman Catholic,Straight,1944.0,Best Actress,The Song of Bernadette,25.0
Yul Brynner,1920.0,1920-07-11,"Vladivostok, Russia",White,Unknown,Straight,1957.0,Best Actor,The King and I,37.0
Franklin J. Schaffner,1920.0,1920-05-30,"Tokyo, Japan",White,Unknown,Straight,1970.0,Best Director,Patton,50.0
Delbert Mann,1920.0,1920-01-30,"Lawrence, Ks",White,Presbyterian,Straight,1956.0,Best Director,Marty,36.0
Walter Matthau,1920.0,1920-10-01,New York City,White,Jewish,Straight,1967.0,Best Supporting Actor,The Fortune Cookie,47.0
Shelley Winters,1920.0,1920-08-18,"St. Louis, Mo",White,Jewish,Straight,1960.0,Best Supporting Actress,The Diary of Anne Frank,40.0
Shelley Winters,1920.0,1920-08-18,"St. Louis, Mo",White,Jewish,Straight,1966.0,Best Supporting Actress,A Patch of Blue,46.0
Judy Holliday,1921.0,1921-06-21,New York City,White,Unknown,Straight,1951.0,Best Actress,Born Yesterday,30.0
George Roy Hill,1921.0,1921-12-20,"Minneapolis, Mn",White,Unknown,Straight,1973.0,Best Director,The Sting,52.0
Simone Signoret,1921.0,1921-03-25,"Wiesbaden, Germany",White,Unknown,Straight,1960.0,Best Actress,Room at the Top,39.0
Donna Reed,1921.0,1921-01-27,"Denison, Ia",White,Unknown,Straight,1954.0,Best Supporting Actress,From Here to Eternity,33.0
Peter Ustinov,1921.0,1921-04-16,"London, England",White,Unknown,Straight,1961.0,Best Supporting Actor,Spartacus,40.0
Peter Ustinov,1921.0,1921-04-16,"London, England",White,Unknown,Straight,1965.0,Best Supporting Actor,Topkapi,44.0
Paul Scofield,1922.0,1922-01-21,"Hurstpierpoint, West Sussex, England",White,Unknown,Straight,1967.0,Best Actor,A Man For All Seasons,45.0
Kim Hunter,1922.0,1922-11-12,"Detroit, Mi",White,Unknown,Straight,1952.0,Best Supporting Actress,A Streetcar Named Desire,30.0
Jason Robards,1922.0,1922-07-26,"Chicago, Il",White,Unknown,Straight,1978.0,Best Supporting Actor,Julia,56.0
Jason Robards,1922.0,1922-07-26,"Chicago, Il",White,Unknown,Straight,1977.0,Best Supporting Actor,All the President's Men,55.0
Richard Attenborough,1923.0,1923-08-29,"Cambridge, England",White,Unknown,Straight,1982.0,Best Director,Gandhi,59.0
Charlton Heston,1923.0,1923-10-04,"Evanston, Il",White,Protestant,Straight,1960.0,Best Actor,Ben-hur,37.0
Gloria Grahame,1923.0,1923-11-28,"Los Angeles, Ca",White,Unknown,Straight,1953.0,Best Supporting Actress,The Bad and the Beautiful,30.0
Anne Baxter,1923.0,1923-05-07,"Michigan City, In",White,Unknown,Straight,1947.0,Best Supporting Actress,The Razor's Edge,24.0
Cliff Robertson,1923.0,1923-09-09,"La Jolla, Ca",White,Unknown,Straight,1969.0,Best Actor,Charly,46.0
Geraldine Page,1924.0,1924-11-22,"Kirksville, Mo",White,Unknown,Straight,1986.0,Best Actress,The Trip to Bountiful,62.0
Eva Marie Saint,1924.0,1924-07-04,"Newark, Nj",White,Unknown,Straight,1955.0,Best Supporting Actress,On the Waterfront,31.0
Lee Marvin,1924.0,1924-02-19,New York City,White,Unknown,Straight,1966.0,Best Actor,Cat Ballou,42.0
Marlon Brando,1924.0,1924-04-03,"Omaha, Ne",White,Deist,Bisexual,1973.0,Best Actor,The Godfather,49.0
Marlon Brando,1924.0,1924-04-03,"Omaha, Ne",White,Deist,Bisexual,1955.0,Best Actor,On the Waterfront,31.0
Paul Newman,1925.0,1925-01-26,"Shaker Heights, Oh",White,Jewish,Straight,1987.0,Best Actor,The Color of Money,62.0
Dorothy Malone,1925.0,1925-01-30,"Chicago, Il",White,Unknown,Straight,1957.0,Best Supporting Actress,Written on the Wind,32.0
Maureen Stapleton,1925.0,1925-06-21,"Troy, Ny",White,Roman Catholic,Straight,1982.0,Best Supporting Actress,Reds,57.0
Rod Steiger,1925.0,1925-04-14,"Westhampton, Ny",White,Lutheran,Straight,1968.0,Best Actor,In the Heat of the Night,43.0
George Kennedy,1925.0,1925-02-18,New York City,White,Unknown,Straight,1968.0,Best Supporting Actor,Cool Hand Luke,43.0
Jack Lemmon,1925.0,1925-02-08,"Newton, Ma",White,Roman Catholic,Straight,1974.0,Best Actor,Save the Tiger,49.0
Jack Lemmon,1925.0,1925-02-08,"Newton, Ma",White,Roman Catholic,Straight,1956.0,Best Supporting Actor,Mister Roberts,31.0
Cloris Leachman,1926.0,1926-04-30,"Des Moines, Ia",White,Unknown,Straight,1972.0,Best Supporting Actress,The Last Picture Show,46.0
Patricia Neal,1926.0,1926-01-20,"Packard, Ky",White,Roman Catholic,Straight,1964.0,Best Actress,Hud,38.0
John Schlesinger,1926.0,1926-02-16,"London, England",White,Unknown,Gay,1969.0,Best Director,Midnight Cowboy,43.0
Estelle Parsons,1927.0,1927-11-20,"Marblehead, Ma",White,Unknown,Straight,1968.0,Best Supporting Actress,Bonnie and Clyde,41.0
Sidney Poitier,1927.0,1927-02-20,"Miami, Fl",Black,Deist,Straight,1964.0,Best Actor,Lilies of the Field,37.0
Bob Fosse,1927.0,1927-06-23,"Chicago, Il",White,Unknown,Straight,1973.0,Best Director,Cabaret,46.0
Lee Grant,1927.0,1927-10-31,New York City,White,Jewish,Straight,1976.0,Best Supporting Actress,Shampoo,49.0
George C. Scott,1927.0,1927-10-18,"Wise, Va",White,Unknown,Straight,1971.0,Best Actor,Patton,44.0
James Coburn,1928.0,1928-08-31,"Laurel, Ne",White,Unknown,Straight,1999.0,Best Supporting Actor,Affliction,71.0
Tony Richardson,1928.0,1928-06-05,"Shipley, Yorkshire, England",White,Unknown,Bisexual,1964.0,Best Director,Tom Jones,36.0
Grace Kelly,1929.0,1929-11-12,"Philadelphia, Pa",White,Roman Catholic,Straight,1955.0,Best Actress,The Country Girl,26.0
Audrey Hepburn,1929.0,1929-05-04,"Brussels, Belgium",White,Christian Science,Straight,1954.0,Best Actress,Roman Holiday,25.0
Miyoshi Umeki,1929.0,1929-04-03,"Otaro, Hokkaido, Japan",Asian,Unknown,Straight,1958.0,Best Supporting Actress,Sayonara,29.0
Christopher Plummer,1929.0,1929-12-13,"Toronto, Ontario, Canada",White,Unknown,Straight,2012.0,Best Supporting Actor,Beginning,83.0
Sean Connery,1930.0,1930-08-25,"Edinburgh, Scotland",White,Roman Catholic,Straight,1988.0,Best Supporting Actor,The Untouchables,58.0
Maximilian Schell,1930.0,1930-12-08,"Vienna, Austria",White,Unknown,Straight,1962.0,Best Actor,Judgement at Nuremberg,32.0
Joanne Woodward,1930.0,1930-02-27,"Thomasville, Ga",White,Unknown,Straight,1958.0,Best Actress,The Three Faces of Eve,28.0
Gene Hackman,1930.0,1930-01-30,"San Bernardino, Ca",White,Unknown,Straight,1972.0,Best Actor,The French Connection,42.0
Gene Hackman,1930.0,1930-01-30,"San Bernardino, Ca",White,Unknown,Straight,1993.0,Best Supporting Actor,Unforgiven,63.0
Clint Eastwood,1930.0,1930-05-31,"San Francisco, Ca",White,Unknown,Straight,2005.0,Best Director,Million Dollar Baby,75.0
Clint Eastwood,1930.0,1930-05-31,"San Francisco, Ca",White,Unknown,Straight,1993.0,Best Director,Unforgiven,63.0
Mike Nichols,1931.0,1931-11-06,"Berlin, Germany",White,Jewish,Straight,1968.0,Best Director,The Graduate,37.0
Olympia Dukakis,1931.0,1931-06-20,"Lowell, Ma",White,Unknown,Straight,1988.0,Best Supporting Actress,Moonstruck,57.0
Anne Bancroft,1931.0,1931-09-17,"Bronx, Ny",White,Roman Catholic,Straight,1963.0,Best Actress,The Miracle Worker,32.0
Robert Duvall,1931.0,1931-01-05,"San Diego, Ca",White,Unknown,Straight,1984.0,Best Actor,Tender Mercies,53.0
Rita Moreno,1931.0,1931-12-11,"Humacao, Puerto Rico",Hispanic,Unknown,Straight,1962.0,Best Supporting Actress,West Side Story,31.0
Martin Landau,1931.0,1931-06-20,"Brooklyn, Ny",White,Jewish,Straight,1995.0,Best Supporting Actor,Ed Wood,64.0
Ellen Burstyn,1932.0,1932-12-07,"Detroit, Mi",White,Sufism,Straight,1975.0,Best Actress,Alice Doesn't Live Here Anymore,43.0
Robert Benton,1932.0,1932-09-29,"Waxahachie, Tx",White,Unknown,Straight,1980.0,Best Director,Kramer vs. Kramer,48.0
Joel Grey,1932.0,1932-04-11,"Cleveland, Oh",White,Jewish,Gay,1973.0,Best Supporting Actor,Cabaret,41.0
Milos Forman,1932.0,1932-02-18,"CÌÁslav, Czechoslovakia",White,Unknown,Straight,1976.0,Best Director,One Flew over the Cuckoo's Nest,44.0
Milos Forman,1932.0,1932-02-18,"CÌÁslav, Czechoslovakia",White,Unknown,Straight,1985.0,Best Director,Amadeus,53.0
Elizabeth Taylor,1932.0,1932-02-27,"London, England",White,Jewish,Straight,1961.0,Best Actress,Butterfield 8,29.0
Elizabeth Taylor,1932.0,1932-02-27,"London, England",White,Jewish,Straight,1967.0,Best Actress,Who's Afraid of Virginia Woolf?,35.0
Roman Polanski,1933.0,1933-08-18,"Paris, France",White,See Note,Straight,2003.0,Best Director,The Pianist,70.0
Michael Caine,1933.0,1933-03-14,"Bermondsey, England",White,Unknown,Straight,2000.0,Best Supporting Actor,The Cider House Rules,67.0
Michael Caine,1933.0,1933-03-14,"Bermondsey, England",White,Unknown,Straight,1987.0,Best Supporting Actor,Hannah and Her Sisters,54.0
Sydney Pollack,1934.0,1934-07-01,"Lafayette, In",White,Jewish,Straight,1986.0,Best Director,Out of Africa,52.0
Sophia Loren,1934.0,1934-09-20,"Pozzuoli, Italy",White,Roman Catholic,Straight,1962.0,Best Actress,Two Women,28.0
Alan Arkin,1934.0,1934-03-26,"Brooklyn, Ny",White,Jewish,Straight,2007.0,Best Supporting Actor,Little Miss Sunshine,73.0
Shirley Jones,1934.0,1934-03-31,"Charleroi, Pa",White,Methodist,Straight,1961.0,Best Supporting Actress,Elmer Gantry,27.0
Louise Fletcher,1934.0,1934-07-22,"Birmingham, Al",White,Unknown,Straight,1976.0,Best Actress,One Flew Over the Cuckoo's Nest,42.0
Judi Dench,1934.0,1934-12-09,"York, North Yorkshire, England",White,Quaker,Straight,1999.0,Best Supporting Actress,Shakespeare in Love,65.0
George Chakiris,1934.0,1934-09-16,"Norwood, Oh",White,Unknown,Gay,1962.0,Best Supporting Actor,West Side Story,28.0
Shirley MacLaine,1934.0,1934-04-24,"Richmond, Va",White,Baptist,Straight,1984.0,Best Actress,Terms of Endearment,50.0
Maggie Smith,1934.0,1934-12-28,"Ilford, Essex, England",White,Unknown,Straight,1979.0,Best Supporting Actress,California Suite,45.0
Maggie Smith,1934.0,1934-12-28,"Ilford, Essex, England",White,Unknown,Straight,1970.0,Best Actress,The Prime of Miss Jean Brodie,36.0
William Friedkin,1935.0,1935-08-29,"Chicago, Il",White,Jewish,Straight,1972.0,Best Director,The French Connection,37.0
John G. Avildsen,1935.0,1935-12-21,"Oak Park, Il",White,Unknown,Straight,1976.0,Best Director,Rocky,41.0
Woody Allen,1935.0,1935-12-01,"Brooklyn, Ny",White,Jewish,Straight,1978.0,Best Director,Annie Hall,43.0
Julie Andrews,1935.0,1935-10-01,"Walton-on-Thames, Surrey, England",White,Unknown,Straight,1965.0,Best Actress,Mary Poppins,30.0
Robert Redford,1936.0,1936-08-18,"Santa Monica, Ca",White,Unknown,Straight,1980.0,Best Director,Ordinary People,44.0
"Lou Gossett, Jr.",1936.0,1936-05-27,"Brooklyn, Ny",Black,Unknown,Straight,1983.0,Best Supporting Actor,An Officer and a Gentleman,47.0
Glenda Jackson,1936.0,1936-05-09,"Birkenhead, Cheshire, England",White,Unknown,Straight,1971.0,Best Actress,Women in Love,35.0
Glenda Jackson,1936.0,1936-05-09,"Birkenhead, Cheshire, England",White,Unknown,Straight,1974.0,Best Actress,A Touch of Class,38.0
Anthony Hopkins,1937.0,1937-12-31,"Port Talbot, Wales",White,Unknown,Straight,1992.0,Best Actor,Silence of the Lambs,55.0
Vanessa Redgrave,1937.0,1937-01-30,"London, England",White,Unknown,Straight,1978.0,Best Supporting Actress,Julia,41.0
Morgan Freeman,1937.0,1937-06-01,"Memphis, Tn",Black,Unknown,Straight,2005.0,Best Supporting Actor,Million Dollar Baby,68.0
Sandy Dennis,1937.0,1937-04-27,"Hastings, Ne",White,Unknown,Bisexual,1967.0,Best Supporting Actress,Who's Afraid of Virginia Woolf?,30.0
Warren Beatty,1937.0,1937-03-30,"Richmond, Va",White,Baptist,Straight,1981.0,Best Director,Reds,44.0
Jane Fonda,1937.0,1937-12-21,New York City,White,Born-Again Christian,Straight,1979.0,Best Actress,Coming Home,42.0
Jane Fonda,1937.0,1937-12-21,New York City,White,Born-Again Christian,Straight,1972.0,Best Actress,Klute,35.0
Dustin Hoffman,1937.0,1937-08-08,"Los Angeles, Ca",White,Jewish,Straight,1989.0,Best Actor,Rainman,52.0
Dustin Hoffman,1937.0,1937-08-08,"Los Angeles, Ca",White,Jewish,Straight,1980.0,Best Actor,Kramer vs. Kramer,43.0
Jack Nicholson,1937.0,1937-04-22,New York City,White,Atheist,Straight,1997.0,Best Actor,As Good as It Gets,60.0
Jack Nicholson,1937.0,1937-04-22,New York City,White,Atheist,Straight,1976.0,Best Actor,One Flew Over the Cuckoo's Nest,39.0
Jack Nicholson,1937.0,1937-04-22,New York City,White,Atheist,Straight,1984.0,Best Supporting Actor,Terms of Endearment,47.0
Jon Voight,1938.0,1938-12-29,"Yonkers, Ny",White,Roman Catholic,Straight,1979.0,Best Actor,Coming Home,41.0
Francis Ford Coppola,1939.0,1939-04-07,"Detroit, Mi",White,Unknown,Straight,1975.0,Best Director,The Godfather Part II,36.0
Michael Cimino,1939.0,1939-02-03,New York City,White,Unknown,Straight,1979.0,Best Director,The Deer Hunter,40.0
F. Murray Abraham,1939.0,1939-10-24,"Pittsburgh, Pa",Middle Eastern,Unknown,Straight,1985.0,Best Actor,Amadeus,46.0
Al Pacino,1940.0,1940-04-25,"East Harlem, New York City",White,Roman Catholic,Straight,1993.0,Best Actor,Scent of a Woman,53.0
James L. Brooks,1940.0,1940-05-09,"North Bergen, Nj",White,Unknown,Straight,1983.0,Best Director,Terms of Endearment,43.0
Haing S. Ngor,1940.0,1940-03-22,"Samrong Young, Cambodia",Asian,Buddhist,Straight,1985.0,Best Supporting Actor,The Killing Fields,45.0
Bernardo Bertolucci,1941.0,1941-03-16,"Parma, Emilia-Romagna, Italy",White,Unknown,Straight,1988.0,Best Director,The Last Emperor,47.0
Julie Christie,1941.0,1941-04-14,"Chabua, Assam, India",White,Unknown,Straight,1966.0,Best Actress,Darling,25.0
Faye Dunaway,1941.0,1941-01-14,"Bascom, Fl",White,Roman Catholic,Straight,1977.0,Best Actress,Network,36.0
Barbra Streisand,1942.0,1942-04-24,"Brooklyn, Ny",White,Jewish,Straight,1969.0,Best Actress,Funny Girl,27.0
Martin Scorsese,1942.0,1942-11-17,"Flushing, Ny",White,Roman Catholic,Straight,2007.0,Best Director,The Departed,65.0
Barry Levinson,1942.0,1942-04-06,"Baltimore, Md",White,Jewish,Straight,1989.0,Best Director,Rain Man,47.0
Ben Kingsley,1943.0,1943-12-31,"Scarborough, Yorkshire, England",Multiracial,Quaker,Straight,1983.0,Best Actor,Gandhi,40.0
Joe Pesci,1943.0,1943-02-09,"Newark, Nj",White,Unknown,Straight,1991.0,Best Supporting Actor,Good Fellas,48.0
Christopher Walken,1943.0,1943-03-31,"Astoria, Ny",White,Unknown,Straight,1979.0,Best Supporting Actor,The Deer Hunter,36.0
Robert De Niro,1943.0,1943-08-17,New York City,White,Roman Catholic,Straight,1975.0,Best Supporting Actor,The Godfather Part II,32.0
Robert De Niro,1943.0,1943-08-17,New York City,White,Roman Catholic,Straight,1981.0,Best Actor,Raging Bull,38.0
Jonathan Demme,1944.0,1944-02-22,"Baldwin, Ny",White,Unknown,Straight,1992.0,Best Director,The Silence of the Lambs,48.0
Michael Douglas,1944.0,1944-09-25,"New Brunswick, Nj",White,Jewish,Straight,1988.0,Best Actor,Wall Street,44.0
Helen Mirren,1945.0,1945-07-26,"Chiswick, London, England",White,Unknown,Straight,2007.0,Best Actress,The Queen,62.0
Brenda Fricker,1945.0,1945-02-17,"Dublin, Ireland",White,Unknown,Straight,1990.0,Best Supporting Actress,My Left Foot,45.0
Goldie Hawn,1945.0,1945-11-21,"Silver Spring, Md",White,Buddhist,Straight,1970.0,Best Supporting Actress,Cactus Flower,25.0
Linda Hunt,1945.0,1945-04-02,"Morristown, Nj",White,Unknown,Unknown,1984.0,Best Supporting Actress,The Year of Living Dangerously,39.0
Tommy Lee Jones,1946.0,1946-09-15,"San Saba, Tx",White,Unknown,Straight,1994.0,Best Supporting Actor,The Fugitive,48.0
Susan Sarandon,1946.0,1946-10-04,"Queens, Ny",White,Roman Catholic,Straight,1996.0,Best Actress,Dead Man Walking,50.0
Patty Duke,1946.0,1946-12-14,"Elmhurst, Ny",White,Roman Catholic,Straight,1963.0,Best Supporting Actress,The Miracle Worker,17.0
Oliver Stone,1946.0,1946-09-15,New York City,White,Atheist,Straight,1990.0,Best Director,Born on the Fourth of July,44.0
Diane Keaton,1946.0,1946-01-05,"Los Angeles, Ca",White,Atheist,Straight,1978.0,Best Actress,Annie Hall,32.0
Cher,1946.0,1946-05-20,"El Centro, Ca",White,Unknown,Bisexual,1988.0,Best Actress,Moonstruck,42.0
Liza Minnelli,1946.0,1946-03-12,"Los Angeles, Ca",White,Unknown,Unknown,1973.0,Best Actress,Cabaret,27.0
Sally Field,1946.0,1946-11-06,"Pasadena, Ca",White,Unknown,Straight,1980.0,Best Actress,Norma Rae,34.0
Sally Field,1946.0,1946-11-06,"Pasadena, Ca",White,Unknown,Straight,1985.0,Best Actress,Places in the Heart,39.0
Steven Spielberg,1946.0,1946-12-18,"Cincinnati, Oh",White,Jewish,Straight,1999.0,Best Director,Saving Private Ryan,53.0
Steven Spielberg,1946.0,1946-12-18,"Cincinnati, Oh",White,Jewish,Straight,1994.0,Best Director,Schindler's List,48.0
Kevin Kline,1947.0,1947-10-24,"St. Louis, Mo",White,Roman Catholic,Straight,1989.0,Best Supporting Actor,A Fish Called Wanda,42.0
Richard Dreyfuss,1947.0,1947-10-29,"Brooklyn, Ny",White,Jewish,Straight,1978.0,Best Actor,The Goodbye Girl,31.0
Mercedes Ruehl,1948.0,1948-02-28,"Queens, Ny",Hispanic,Roman Catholic,Straight,1992.0,Best Supporting Actress,The Fisher King,44.0
Kathy Bates,1948.0,1948-06-28,"Memphis, Tn",White,Unknown,Straight,1991.0,Best Actress,Misery,43.0
Jeremy Irons,1948.0,1948-09-19,"Cowes, Isle of Wight, England",White,Unknown,Straight,1991.0,Best Actor,Reversal of Fortune,43.0
Dianne Wiest,1948.0,1948-03-28,"Kansas City, Mo",White,Unknown,Straight,1987.0,Best Supporting Actress,Hannah and Her Sisters,39.0
Dianne Wiest,1948.0,1948-03-28,"Kansas City, Mo",White,Unknown,Straight,1995.0,Best Supporting Actress,Bullets Over Broadway,47.0
Jeff Bridges,1949.0,1949-12-04,"Los Angeles, Ca",White,Lutheran,Straight,2010.0,Best Actor,Crazy Heart,61.0
Jim Broadbent,1949.0,1949-05-24,"Lincoln, Lincolnshire, England",White,Unknown,Straight,2002.0,Best Supporting Actor,Iris,53.0
Sissy Spacek,1949.0,1949-12-25,"Quitman, Tx",White,Unknown,Straight,1981.0,Best Actress,Coal Miner's Daughter,32.0
Meryl Streep,1949.0,1949-06-22,"Summit, Nj",White,Unknown,Straight,1983.0,Best Actress,Sophie's Choice,34.0
Meryl Streep,1949.0,1949-06-22,"Summit, Nj",White,Unknown,Straight,1980.0,Best Supporting Actress,Kramer vs. Kramer,31.0
Meryl Streep,1949.0,1949-06-22,"Summit, Nj",White,Unknown,Straight,2012.0,Best Actress,The Iron Lady,63.0
Jessica Lange,1949.0,1949-04-20,"Cloquet, Mn",White,Unknown,Straight,1983.0,Best Supporting Actress,Tootsie,34.0
Jessica Lange,1949.0,1949-04-20,"Cloquet, Mn",White,Unknown,Straight,1995.0,Best Actress,Blue Sky,46.0
William Hurt,1950.0,1950-03-20,"Washington, Dc",White,Lutheran,Straight,1986.0,Best Actor,Kiss of the Spider Woman,36.0
Robin Williams,1951.0,1951-07-21,"Chicago, Il",White,Anglican/episcopalian,Straight,1998.0,Best Supporting Actor,Good Will Hunting,47.0
Geoffrey Rush,1951.0,1951-07-06,"Toowoomba, Queensland, Australia",White,Unknown,Straight,1997.0,Best Actor,Shine,46.0
Anjelica Huston,1951.0,1951-07-08,"Santa Monica, Ca",White,Unknown,Straight,1986.0,Best Supporting Actress,Prizzi's Honor,35.0
Chris Cooper,1951.0,1951-07-09,"Kansas City, Mo",White,Unknown,Straight,2003.0,Best Supporting Actor,Adaptation,52.0
Kathryn Bigelow,1951.0,1951-11-27,"San Carlos, Ca",White,Unknown,Straight,2009.0,Best Director,The Hurt Locker,58.0
Robert Zemeckis,1952.0,1952-05-14,"Chicago, Il",White,Roman Catholic,Straight,1995.0,Best Director,Forrest Gump,43.0
Roberto Benigni,1952.0,1952-10-27,"Misericordia, Arezzo, Tuscany, Italy",White,Unknown,Straight,1999.0,Best Actor,Life is Beautiful,47.0
Mary Steenburgen,1953.0,1953-02-08,"Newport, Ar",White,Unknown,Straight,1981.0,Best Supporting Actress,Melvin and Howard,28.0
Kim Basinger,1953.0,1953-12-08,"Athens, Ga",White,Unknown,Straight,1998.0,Best Supporting Actress,L.A. Confidential,45.0
Ron Howard,1954.0,1954-03-01,"Duncan, Ok",White,Unknown,Straight,2002.0,Best Director,A Beautiful Mind,48.0
Anthony Minghella,1954.0,1954-01-06,"Ryde, Isle of Wight, England",White,Unknown,Straight,1997.0,Best Director,The English Patient,43.0
Joel Coen,1954.0,1954-11-29,"St. Louis Park, Mn",White,Jewish,Straight,2008.0,Best Director,No Country for Old Men,54.0
James Cameron,1954.0,1954-08-16,"Kapuskasing, Ontario, Canada",White,Atheist,Straight,1998.0,Best Director,Titanic,44.0
Ang Lee,1954.0,1954-10-23,"Pingtung, Taiwan",Asian,Unknown,Straight,2013.0,Best Director,Life of Pi,59.0
Ang Lee,1954.0,1954-10-23,"Pingtung, Taiwan",Asian,Unknown,Straight,2006.0,Best Director,Brokeback Mountain,52.0
Denzel Washington,1954.0,1954-12-28,"Mount Vernon, Ny",Black,Protestant,Straight,2002.0,Best Actor,Training Day,48.0
Denzel Washington,1954.0,1954-12-28,"Mount Vernon, Ny",Black,Protestant,Straight,1990.0,Best Supporting Actor,Glory,36.0
Whoopi Goldberg,1955.0,1955-11-13,New York City,Black,Atheist,Straight,1991.0,Best Supporting Actress,Ghost,36.0
Kevin Costner,1955.0,1955-01-18,"Lynwood, Ca",White,Baptist,Straight,1991.0,Best Director,Dances with Wolves,36.0
Geena Davis,1956.0,1956-01-21,"Wareham, Ma",White,Congregationalist,Straight,1989.0,Best Supporting Actress,The Accidental Tourist,33.0
Mel Gibson,1956.0,1956-01-03,"Peekskill, Ny",White,Roman Catholic,Straight,1996.0,Best Director,Braveheart,40.0
Danny Boyle,1956.0,1956-10-20,"Manchester, England",White,Roman Catholic,Straight,2009.0,Best Director,Slumdog Millionaire,53.0
Tom Hanks,1956.0,1956-07-09,"Concord, Ca",White,Born-Again Christian,Straight,1994.0,Best Actor,Philadelphia,38.0
Tom Hanks,1956.0,1956-07-09,"Concord, Ca",White,Born-Again Christian,Straight,1995.0,Best Actor,Forrest Gump,39.0
Christoph Waltz,1956.0,1956-10-04,Na,White,Unknown,Straight,2010.0,Best Supporting Actor,Inglourious Basterds,54.0
Christoph Waltz,1956.0,1956-10-04,Na,White,Unknown,Straight,2013.0,Best Supporting Actor,Django Unchained,57.0
Frances McDormand,1957.0,1957-06-23,"Chicago, Il",White,Disciples of Christ,Straight,1997.0,Best Actress,Fargo,40.0
Ethan Coen,1957.0,1957-09-21,"St. Louis Park, Mn",White,Jewish,Straight,2008.0,Best Director,No Country for Old Men,51.0
Daniel Day-Lewis,1957.0,1957-04-29,"London, England",White,Unknown,Straight,2013.0,Best Actor,Lincoln,56.0
Daniel Day-Lewis,1957.0,1957-04-29,"London, England",White,Unknown,Straight,2008.0,Best Actor,There Will Be Blood,51.0
Daniel Day-Lewis,1957.0,1957-04-29,"London, England",White,Unknown,Straight,1990.0,Best Actor,My Left Foot,33.0
Holly Hunter,1958.0,1958-03-20,"Conyers, Ga",White,Unknown,Straight,1994.0,Best Actress,The Piano,36.0
Tim Robbins,1958.0,1958-10-16,"West Covina, Ca",White,Roman Catholic,Straight,2004.0,Best Supporting Actor,Mystic River,46.0
Emma Thompson,1959.0,1959-04-15,"London, England",White,Unknown,Straight,1993.0,Best Actress,Howards End,34.0
Marcia Gay Harden,1959.0,1959-08-14,"La Jolla, Ca",White,Unknown,Straight,2001.0,Best Supporting Actress,Pollock,42.0
Kevin Spacey,1959.0,1959-07-26,"South Orange, Nj",White,Unknown,Matter of Dispute,2000.0,Best Actor,American Beauty,41.0
Kevin Spacey,1959.0,1959-07-26,"South Orange, Nj",White,Unknown,Matter of Dispute,1996.0,Best Supporting Actor,The Usual Suspects,37.0
Colin Firth,1960.0,1960-09-10,"Grayshott, Hampshire, England",White,Unknown,Straight,2011.0,Best Actor,The King's Speech,51.0
Timothy Hutton,1960.0,1960-08-16,"Malibu, Ca",White,Unknown,Straight,1981.0,Best Supporting Actor,Oridnary People,21.0
Melissa Leo,1960.0,1960-09-14,New York City,White,Unknown,Straight,2011.0,Best Supporting Actress,The Fighter,51.0
Tilda Swinton,1960.0,1960-11-05,"London, England",White,Unknown,Straight,2007.0,Best Supporting Actress,Michael Clayton,47.0
Sean Penn,1960.0,1960-08-17,"Burbank, Ca",White,Roman Catholic,Straight,2003.0,Best Actor,Mystic River,43.0
Sean Penn,1960.0,1960-08-17,"Burbank, Ca",White,Roman Catholic,Straight,2009.0,Best Actor,Milk,49.0
Peter Jackson,1961.0,1961-10-31,"Wellington, New Zealand",White,Unknown,Straight,2004.0,Best Director,The Lord of the Rings: Return of the King,43.0
Forest Whitaker,1961.0,1961-07-15,"Longview, Tx",Black,Unknown,Straight,2007.0,Best Actor,The Last King of Scotland,46.0
George Clooney,1961.0,1961-05-06,"Lexington, Ky",White,Unknown,Straight,2006.0,Best Supporting Actor,Syriana,45.0
Jodie Foster,1962.0,1962-11-19,"Los Angeles, Ca",White,Atheist,Lesbian,1989.0,Best Actress,The Accused,27.0
Jodie Foster,1962.0,1962-11-19,"Los Angeles, Ca",White,Atheist,Lesbian,1992.0,Best Actress,The Silence of the Lambs,30.0
Helen Hunt,1963.0,1963-06-15,"Culver City, Ca",White,Unknown,Straight,1998.0,Best Actress,As Good As It Gets,35.0
Steven Soderbergh,1963.0,1963-01-14,"Atlanta, Ga",White,Atheist,Straight,2001.0,Best Director,Traffic,38.0
Tatum O'Neal,1963.0,1963-11-05,"Los Angeles, Ca",White,Unknown,Straight,1974.0,Best Supporting Actress,Paper Moon,11.0
Juliette Binoche,1964.0,1964-03-09,"Paris, France",White,Unknown,Straight,1997.0,Best Supporting Actress,The English Patient,33.0
Sandra Bullock,1964.0,1964-07-26,"Arlington, Va",White,Unknown,Straight,2010.0,Best Actress,The Blind Side,46.0
Marisa Tomei,1964.0,1964-12-04,"Brooklyn, Ny",White,Unknown,Straight,1993.0,Best Supporting Actress,My Cousin Vinny,29.0
Russell Crowe,1964.0,1964-04-07,"Wellington, New Zealand",White,Unknown,Straight,2001.0,Best Actor,Gladiator,37.0
Nicolas Cage,1964.0,1964-01-07,"Long Beach, Ca",White,Roman Catholic,Straight,1996.0,Best Actor,Leaving Las Vegas,32.0
Marlee Matlin,1965.0,1965-08-24,"Morton Grove, Il",White,Jewish,Straight,1987.0,Best Actress,Children of a Lesser God,22.0
Sam Mendes,1965.0,1965-08-01,"Reading, Berkshire, England",White,Unknown,Straight,2000.0,Best Director,American Beauty,35.0
Halle Berry,1966.0,1966-08-14,"Cleveland, Oh",Multiracial,Unknown,Straight,2002.0,Best Actress,Monster's Ball,36.0
Jamie Foxx,1967.0,1967-12-13,"Terrell, Tx",Black,Baptist,Straight,2005.0,Best Actor,Ray,38.0
Nicole Kidman,1967.0,1967-06-20,"Honolulu, Hi",White,Roman Catholic,Straight,2003.0,Best Actress,The Hours,36.0
Mira Sorvino,1967.0,1967-09-28,"Tenafly, Nj",White,Atheist,Straight,1996.0,Best Supporting Actress,Mighty Aphrodite,29.0
Philip Seymour Hoffman,1967.0,1967-07-23,"Fairport, Ny",White,Unknown,Straight,2006.0,Best Actor,Capote,39.0
Mo'Nique,1967.0,1967-12-11,"Woodlawn, Md",Black,Unknown,Straight,2010.0,Best Supporting Actress,Precious,43.0
Benicio Del Toro,1967.0,1967-02-19,"Santurce, Puerto Rico",Hispanic,Unknown,Straight,2001.0,Best Supporting Actor,Traffic,34.0
Julia Roberts,1967.0,1967-10-28,"Smyrna, Ga",White,Hindu,Straight,2001.0,Best Actress,Erin Brockovich,34.0
Michel Hazanavicius,1967.0,1967-03-29,"Paris, France",White,Jewish,Straight,2012.0,Best Director,The Artist,45.0
"Cuba Gooding, Jr.",1968.0,1968-01-02,"Bronx, Ny",Black,Unknown,Straight,1997.0,Best Supporting Actor,Jerry Maguire,29.0
Catherine Zeta-Jones,1969.0,1969-09-25,"Mumbles, Wales",White,Roman Catholic,Straight,2003.0,Best Supporting Actress,Chicago,34.0
Javier Bardem,1969.0,1969-03-01,"Las Palmas De Gran Canaria, Canary Islands",Hispanic,Unknown,Straight,2008.0,Best Supporting Actor,No Country for Old Men,39.0
Matthew McConaughey,1969.0,1969-11-04,"Uvalde, Tx",White,Unknown,Straight,2014.0,Best Actor,Dallas Buyers Club,45.0
RenÌ©e Zellweger,1969.0,1969-04-25,"Katy, Tx",White,Unknown,Straight,2004.0,Best Supporting Actress,Cold Mountain,35.0
Cate Blanchett,1969.0,1969-05-14,"Melbourne, Victoria, Australia",White,Unknown,Straight,2014.0,Best Actress,Blue Jasmine,45.0
Cate Blanchett,1969.0,1969-05-14,"Melbourne, Victoria, Australia",White,Unknown,Straight,2005.0,Best Supporting Actress,The Aviator,36.0
Jennifer Connelly,1970.0,1970-12-12,"Catskill Mountains, Ny",White,Jewish,Straight,2002.0,Best Supporting Actress,A Beautiful Mind,32.0
Rachel Weisz,1971.0,1971-03-07,"London, England",White,Jewish,Straight,2006.0,Best Supporting Actress,The Constant Gardener,35.0
Jared Leto,1971.0,1971-12-26,"Bossier City, La",White,Unknown,Straight,2014.0,Best Supporting Actor,Dallas Buyers Club,43.0
Tom Hooper,1972.0,,"London, England",White,Unknown,Unknown,2011.0,Best Director,The King's Speech,39.0
Octavia Spencer,1972.0,1972-05-25,"Montgomery, Al",Black,Unknown,Unknown,2012.0,Best Supporting Actress,The Help,40.0
Gwyneth Paltrow,1972.0,1972-09-27,"Los Angeles, Ca",White,Jewish,Straight,1999.0,Best Actress,Shakespeare in Love,27.0
Jean Dujardin,1972.0,1972-06-19,"Rueil-Malmaison, Hauts-De-Seine, France",White,Unknown,Straight,2012.0,Best Actor,The Artist,40.0
Adrien Brody,1973.0,1973-04-14,New York City,White,Jewish,Straight,2003.0,Best Actor,The Pianist,30.0
Penelope Cruz,1974.0,1974-04-28,"Madrid, Spain",Hispanic,Buddhist,Straight,2009.0,Best Supporting Actress,Vicky Cristina Barcelona,35.0
Christian Bale,1974.0,1974-01-30,"Haverfordwest, Pembrokeshire, Wales",White,Unknown,Straight,2011.0,Best Supporting Actor,The Fighter,37.0
Hilary Swank,1974.0,1974-07-30,"Lincoln, Ne",White,Unknown,Straight,2005.0,Best Actress,Million Dollar Baby,31.0
Hilary Swank,1974.0,1974-07-30,"Lincoln, Ne",White,Unknown,Straight,2000.0,Best Actress,Boys Don't Cry,26.0
Angelina Jolie,1975.0,1975-06-04,"Los Angeles, Ca",White,Buddhist,Bisexual,2000.0,Best Supporting Actress,"Girl, Interrupted",25.0
Marion Cotillard,1975.0,1975-09-30,"Paris, France",White,Unknown,Straight,2008.0,Best Actress,The Passionate Life of Edith Piaf,33.0
Charlize Theron,1975.0,1975-08-07,"Benoni, South Africa",White,Unknown,Straight,2004.0,Best Actress,Monster,29.0
Kate Winslet,1975.0,1975-10-05,"Reading, England",White,Unknown,Straight,2009.0,Best Actress,The Reader,34.0
Reese Witherspoon,1976.0,1976-03-22,"New Orleans, La",White,Unknown,Straight,2006.0,Best Actress,Walk the Line,30.0
Heath Ledger,1979.0,1979-04-04,"Perth, Australia",White,Unknown,Straight,2009.0,Best Supporting Actor,The Dark Knight,30.0
Jennifer Hudson,1981.0,1981-09-12,"Chicago, Il",Black,Baptist,Straight,2007.0,Best Supporting Actress,Dreamgirls,26.0
Natalie Portman,1981.0,1981-06-09,"Jerusalem, Israel",White,Jewish,Straight,2011.0,Best Actress,Black Swan,30.0
Anne Hathaway,1982.0,1982-11-12,"Brooklyn, Ny",White,Christian,Straight,2013.0,Best Supporting Actress,Les MisÌ©rables,31.0
Anna Paquin,1982.0,1982-07-24,"Winnipeg, Manitoba, Canada",White,Unknown,Bisexual,1994.0,Best Supporting Actress,The Piano,12.0
Lupita Nyong'o,1983.0,1983-03-01,"Mexico City, Mexico",Black,Unknown,Unknown,2014.0,Best Supporting Actress,12 Years a Slave,31.0
Jennifer Lawrence,1990.0,1990-08-15,"Louisville, Ky",White,Unknown,Unknown,2013.0,Best Actress,Silver Linings Playbook,23.0
Eddie Redmayne,,,nan,White,Unknown,Straight,2015.0,Best Actor,The Theory of Everything,
J.K. Simmons,,,nan,White,Unknown,Straight,2015.0,Best Supporting Actor,Whiplash,
Julianne Moore,,,nan,White,Unknown,Straight,2015.0,Best Actress,Still Alice,
Patricia Arquette,,,nan,White,Unknown,Straight,2015.0,Best Supporting Actress,Boyhood,
Alejandro G. Iñárritu,,,nan,Hispanic,Unknown,Straight,2015.0,Best Director,Birdman or (The Unexpected Virtue of Ignorance),
Leonardo DiCaprio,,,nan,White,Unknown,Straight,2016.0,Best Actor,The Revenant,
Mark Rylance,,,nan,White,Unknown,Straight,2016.0,Best Supporting Actor,Bridge of Spies,
Brie Larson,,,nan,White,Unknown,Straight,2016.0,Best Actress,Room,
Alicia Vikander,,,nan,White,Unknown,Straight,2016.0,Best Supporting Actress,The Danish Girl,
Alejandro G. Iñárritu,,,nan,Hispanic,Unknown,Straight,2016.0,Best Director,The Revenant,
Casey Affleck,,,nan,White,Unknown,Straight,2017.0,Best Actor,Manchester by the Sea,
Mahershala Ali,,,nan,Black,Unknown,Straight,2017.0,Best Supporting Actor,Moonlight,
Emma Stone,,,nan,White,Unknown,Straight,2017.0,Best Actress,La La Land,
Viola Davis,,,nan,Black,Unknown,Straight,2017.0,Best Supporting Actress,Fences,
Damien Chazelle,,,nan,White,Unknown,Straight,2017.0,Best Director,La La Land,
Gary Oldman,,,nan,White,Unknown,Straight,2018.0,Best Actor,Darkest Hour,
Sam Rockwell,,,nan,White,Unknown,Straight,2018.0,Best Supporting Actor,"Three Billboards outside Ebbing, Missouri",
Frances McDormand,,,nan,White,Unknown,Straight,2018.0,Best Actress,"Three Billboards outside Ebbing, Missouri",
Allison Janney,,,nan,White,Unknown,Straight,2018.0,Best Supporting Actress,"I, Tonya",
Guillermo del Toro,,,nan,Hispanic,Unknown,Straight,2018.0,Best Director,The Shape of Water,
Rami Malek,,,nan,Middle Eastern,Unknown,Straight,2019.0,Best Actor,Bohemian Rhapsody,
Mahershala Ali,,,nan,Black,Unknown,Straight,2019.0,Best Supporting Actor,Green Book,
Olivia Colman,,,nan,White,Unknown,Straight,2019.0,Best Actress,The Favourite,
Regina King,,,nan,Black,Unknown,Straight,2019.0,Best Supporting Actress,If Beale Street Could Talk,
Alfonso Cuarón,,,nan,Hispanic,Unknown,Straight,2019.0,Best Director,Roma,
Joaquin Phoenix,,,nan,White,Unknown,Straight,2020.0,Best Actor,Joker,
Brad Pitt,,,nan,White,Unknown,Straight,2020.0,Best Supporting Actor,Once upon a Time...in Hollywood,
Renée Zellweger,,,nan,White,Unknown,Straight,2020.0,Best Actress,Judy,
Laura Dern,,,nan,White,Unknown,Straight,2020.0,Best Supporting Actress,Marriage Story,
Bong Joon Ho,,,nan,Asian,Unknown,Straight,2020.0,Best Director,Parasite,
Anthony Hopkins,,,nan,White,Unknown,Straight,2021.0,Best Actor,The Father,
Daniel Kaluuya,,,nan,Black,Unknown,Straight,2021.0,Best Supporting Actor,Judas and the Black Messiah,
Frances McDormand,,,nan,White,Unknown,Straight,2021.0,Best Actress,Nomadland,
Yuh-Jung Youn,,,nan,Asian,Unknown,Straight,2021.0,Best Supporting Actress,Minari,
Chloé Zhao,,,nan,Asian,Unknown,Straight,2021.0,Best Director,Nomadland,
Will Smith,,,nan,Black,Unknown,Straight,2022.0,Best Actor,King Richard,
Troy Kotsur,,,nan,White,Unknown,Straight,2022.0,Best Supporting Actor,CODA,
Jessica Chastain,,,nan,White,Unknown,Straight,2022.0,Best Actress,The Eyes of Tammy Faye,
Ariana DeBose,,,nan,Hispanic,Unknown,Bisexual,2022.0,Best Supporting Actress,West Side Story,
Jane Campion,,,nan,White,Unknown,Straight,2022.0,Best Director,The Power of the Dog,
Brendan Fraser,,,nan,White,Unknown,Straight,2023.0,Best Actor,The Whale,
Ke Huy Quan,,,nan,Asian,Unknown,Straight,2023.0,Best Supporting Actor,Everything Everywhere All at Once,
Michelle Yeoh,,,nan,Asian,Unknown,Straight,2023.0,Best Actress,Everything Everywhere All at Once,
Jamie Lee Curtis,,,nan,White,Unknown,Straight,2023.0,Best Supporting Actress,Everything Everywhere All at Once,
Daniel Kwan and Daniel Scheinert,,,nan,Multiracial,Unknown,Straight,2023.0,Best Director,Everything Everywhere All at Once,
Cillian Murphy,,,nan,White,Unknown,Straight,2024.0,Best Actor,Oppenheimer,
Robert Downey Jr.,,,nan,White,Unknown,Straight,2024.0,Best Supporting Actor,Oppenheimer,
Emma Stone,,,nan,White,Unknown,Straight,2024.0,Best Actress,Poor Things,
Da'Vine Joy Randolph,,,nan,Black,Unknown,Straight,2024.0,Best Supporting Actress,The Holdovers,
Christopher Nolan,,,nan,White,Unknown,Straight,2024.0,Best Director,Oppenheimer,
